Minimalist,Minimalist
"With background","With background"
"With border","With border"
"6 columns","6 columns"
"5 columns","5 columns"
"4 columns","4 columns"
"3 columns","3 columns"
"2 columns","2 columns"
Carousel,Carousel
Standard,Standard
"Right Aligned","Right Aligned"
"Center Aligned","Center Aligned"
"Short Length","Short Length"
"Short Right Aligned","Short Right Aligned"
"Short Center Aligned","Short Center Aligned"
Rounded,Rounded
"Rounded Right Aligned","Rounded Right Aligned"
"Rounded Center Aligned","Rounded Center Aligned"
"Rounded Short Length","Rounded Short Length"
"Rounded Short Right Aligned","Rounded Short Right Aligned"
"Rounded Short Center Aligned","Rounded Short Center Aligned"
Bordered,Bordered
"Bordered Right Aligned","Bordered Right Aligned"
"Bordered Center Aligned","Bordered Center Aligned"
"Bordered Short Length","Bordered Short Length"
"Bordered Short Right Aligned","Bordered Short Right Aligned"
"Bordered Short Center Aligned","Bordered Short Center Aligned"
"Heading Block H1","Heading Block H1"
"Heading Block H2","Heading Block H2"
"Heading Block H3","Heading Block H3"
"Heading Block H4","Heading Block H4"
"Centered Heading Block H1","Centered Heading Block H1"
"Centered Heading Block H2","Centered Heading Block H2"
"Centered Heading Block H3","Centered Heading Block H3"
"Centered Heading Block H4","Centered Heading Block H4"
"Heading h1","Heading h1"
"Heading h2","Heading h2"
"Heading h3","Heading h3"
"Heading h4","Heading h4"
"Double-border title h1","Double-border title h1"
"Double-border title h2","Double-border title h2"
"Double-border title h3","Double-border title h3"
"Double-border title h4","Double-border title h4"
"Double-border title h5","Double-border title h5"
"Double-border title h6","Double-border title h6"
"Single-border title h1","Single-border title h1"
"Single-border title h2","Single-border title h2"
"Single-border title h3","Single-border title h3"
"Single-border title h4","Single-border title h4"
"Single-border title h5","Single-border title h5"
"Single-border title h6","Single-border title h6"
"Right-aligned Title with border-color h1","Right-aligned Title with border-color h1"
"Right-aligned Title with border-color h2","Right-aligned Title with border-color h2"
"Right-aligned Title with border-color h3","Right-aligned Title with border-color h3"
"Right-aligned Title with border-color h4","Right-aligned Title with border-color h4"
"Right-aligned Title with border-color h5","Right-aligned Title with border-color h5"
"Right-aligned Title with border-color h6","Right-aligned Title with border-color h6"
"Title with colored bottom-border h1","Title with colored bottom-border h1"
"Title with colored bottom-border h2","Title with colored bottom-border h2"
"Title with colored bottom-border h3","Title with colored bottom-border h3"
"Title with colored bottom-border h4","Title with colored bottom-border h4"
"Title with colored bottom-border h5","Title with colored bottom-border h5"
"Title with colored bottom-border h6","Title with colored bottom-border h6"
"Centered Title with dotted border h1","Centered Title with dotted border h1"
"Centered Title with dotted border h2","Centered Title with dotted border h2"
"Centered Title with dotted border h3","Centered Title with dotted border h3"
"Centered Title with dotted border h4","Centered Title with dotted border h4"
"Centered Title with dotted border h5","Centered Title with dotted border h5"
"Centered Title with dotted border h6","Centered Title with dotted border h6"
Emphasis-title,Emphasis-title
Text-rotater,Text-rotater
"Dropcap and Highlighted Text","Dropcap and Highlighted Text"
Toggle,Toggle
"Toggle with background","Toggle with background"
"Toggle with border","Toggle with border"
"Design Elements","Design Elements"
General,General
"Bootstrap Grid","Bootstrap Grid"
Icons,Icons
Tables,Tables
"Toggle, Accordion and Tabs","Toggle, Accordion and Tabs"
"Pricing Boxes","Pricing Boxes"
"Headings And Blockquotes","Headings And Blockquotes"
Dividers,Dividers
"Brand lists","Brand lists"
"Responsive And Helpers","Responsive And Helpers"
"Smooth Scrolling","Smooth Scrolling"
"Icon boxes","Icon boxes"
"Alert boxes","Alert boxes"
Testimonials,Testimonials
"Flex Slider","Flex Slider"
Buttons,Buttons
Sections/Parallax,Sections/Parallax
Animations,Animations
"AOS Animation","AOS Animation"
"Check the demo. Click <a href=""http://michalsnik.github.io/aos"" target=""_blank"">here</a>","Check the demo. Click <a href=""http://michalsnik.github.io/aos"" target=""_blank"">here</a>"
"Activate Back To Top Button","Activate Back To Top Button"
"Show button after ""x"" pixels of scroll down","Show button after ""x"" pixels of scroll down"
"Reduce the opacity of ""Back To Top"" button after ""x"" pixels of scroll down","Reduce the opacity of ""Back To Top"" button after ""x"" pixels of scroll down"
"Duration of the top scrolling animation","Duration of the top scrolling animation"
"WeltPixel Icon","WeltPixel Icon"
"Select Icon","Select Icon"
"Icon Size","Icon Size"
Padding,Padding
"Custom class","Custom class"
"Custom CSS","Custom CSS"
"WeltPixel Divider","WeltPixel Divider"
"Select Style","Select Style"
"WeltPixel Heading","WeltPixel Heading"
Title,Title
Subtitle,Subtitle
"Title Color","Title Color"
"WeltPixel Brands","WeltPixel Brands"
Block,Block
"Select Block...","Select Block..."
"WeltPixel Toggle","WeltPixel Toggle"
"Background Color","Background Color"
"Border Color","Border Color"
"Open Icon","Open Icon"
"Close Icon","Close Icon"
"WeltPixel Accordion","WeltPixel Accordion"
"Custom Global CSS","Custom Global CSS"
"Custom CSS for XXS screen size","Custom CSS for XXS screen size"
"Configure breakpoints in WeltPixel > Frontend Options > Breakpoints","Configure breakpoints in WeltPixel > Frontend Options > Breakpoints"
"Custom CSS for XS screen size","Custom CSS for XS screen size"
"Custom CSS for S screen size","Custom CSS for S screen size"
"Custom CSS for M screen size","Custom CSS for M screen size"
"Custom CSS for L screen size","Custom CSS for L screen size"
"Custom CSS for XL screen size","Custom CSS for XL screen size"
"Custom Js","Custom Js"
Fullscreen,Fullscreen
