"See All","See All"
"Add to Cart","Add to Cart"
"In stock","In stock"
"Out of stock","Out of stock"
"Add to Wish List","Add to Wish List"
"Add to Compare","Add to Compare"
"Contact Us","Contact Us"
"* Required Fields","* Required Fields"
Name,Name
Email,Email
"Phone Number","Phone Number"
"What’s on your mind?","What’s on your mind?"
Submit,Submit
Comment,Comment
"We can't find products matching the selection.","We can't find products matching the selection."
"Learn More","Learn More"
"Related Products","Related Products"
"We found other products you might like!","We found other products you might like!"
"Upsell Products","Upsell Products"
"More Choices:","More Choices:"
"Crossel Products","Crossel Products"
"New Products","New Products"
"Check items to add to the cart or","Check items to add to the cart or"
"select all","select all"
